company_name,activity_type,role_count,post_count,priority_score,last_updated
CrowdStrike,both,1,13,3,2025-12-04
Palo Alto Networks,both,1,8,3,2025-12-04
Hive,hiring_only,2,0,2,2025-12-04
Okta,hiring_only,2,0,2,2025-12-04
Datadog,hiring_only,2,0,2,2025-12-04
GoodRx,hiring_only,1,0,2,2025-12-04
Meta,hiring_only,1,0,2,2025-12-04
OpenAI,hiring_only,1,0,2,2025-12-04
PayPal,hiring_only,1,0,2,2025-12-04
Gallup,hiring_only,1,0,2,2025-12-04
An On-demand Autonomous Ride-hailing Company,hiring_only,1,0,2,2025-12-04
Sendbird,hiring_only,1,0,2,2025-12-04
Airtable,hiring_only,1,0,2,2025-12-04
Anomali,hiring_only,1,0,2,2025-12-04
Rule4,hiring_only,1,0,2,2025-12-04
Integra Connect,hiring_only,1,0,2,2025-12-04
Veracyte,hiring_only,1,0,2,2025-12-04
ponyai,hiring_only,1,0,2,2025-12-04
xAI,hiring_only,1,0,2,2025-12-04
IT EngagementsInc,hiring_only,1,0,2,2025-12-04
Delve,hiring_only,1,0,2,2025-12-04
Q Bio,hiring_only,1,0,2,2025-12-04
IMAGINEEER,hiring_only,1,0,2,2025-12-04
Clearway Health,hiring_only,1,0,2,2025-12-04
Ursus,hiring_only,1,0,2,2025-12-04
MEDuvi,hiring_only,1,0,2,2025-12-04
Foley,hiring_only,1,0,2,2025-12-04
Pivotal Consulting,hiring_only,1,0,2,2025-12-04
Reveleer,hiring_only,1,0,2,2025-12-04
Quanta Manufacturing Fremont,hiring_only,1,0,2,2025-12-04
NEW CARROT FARMS,hiring_only,1,0,2,2025-12-04
Netflix,hiring_only,1,0,2,2025-12-04
Grammarly,hiring_only,1,0,2,2025-12-04
Zoom,hiring_only,1,0,2,2025-12-04
Intone Networks,hiring_only,1,0,2,2025-12-04
Quantaleap,hiring_only,1,0,2,2025-12-04
Sylabs,hiring_only,1,0,2,2025-12-04
Thrive,hiring_only,1,0,2,2025-12-04
Meriplex,hiring_only,1,0,2,2025-12-04
Asana,hiring_only,1,0,2,2025-12-04
Data Path,hiring_only,1,0,2,2025-12-04
Crowell & Moring,hiring_only,1,0,2,2025-12-04
Minted,hiring_only,1,0,2,2025-12-04
Experis,hiring_only,1,0,2,2025-12-04
Merlin International,hiring_only,1,0,2,2025-12-04
Noble Federal Credit Union,hiring_only,1,0,2,2025-12-04
Fortress Information Security,hiring_only,1,0,2,2025-12-04
Take-Two Interactive Software,hiring_only,1,0,2,2025-12-04
DATAPRISE,hiring_only,1,0,2,2025-12-04
Invoca,hiring_only,1,0,2,2025-12-04
DISRUPTIVE SOLUTIONS,hiring_only,1,0,2,2025-12-04
Defiant Inc dba Wordfence,hiring_only,1,0,2,2025-12-04
Stratascale,hiring_only,1,0,2,2025-12-04
TikTok,hiring_only,1,0,2,2025-12-04
RKON,hiring_only,1,0,2,2025-12-04
NuHarbor Security,hiring_only,1,0,2,2025-12-04
Coalfire,hiring_only,1,0,2,2025-12-04
Integral,hiring_only,1,0,2,2025-12-04
Applied Intuition,hiring_only,1,0,2,2025-12-04
Center For Internet Security,hiring_only,1,0,2,2025-12-04
SHI International,hiring_only,1,0,2,2025-12-04
ZBeta Consulting,hiring_only,1,0,2,2025-12-04
Trimble,hiring_only,1,0,2,2025-12-04
ADRM,hiring_only,1,0,2,2025-12-04
Rubrik Security Cloud,hiring_only,1,0,2,2025-12-04
NST Cyber,hiring_only,1,0,2,2025-12-04
Konica Minolta Business Solutions USA,hiring_only,1,0,2,2025-12-04
Strata Information Group,hiring_only,1,0,2,2025-12-04
IDC,hiring_only,1,0,2,2025-12-04
Faith Group,hiring_only,1,0,2,2025-12-04
Blackwood Associates,hiring_only,1,0,2,2025-12-04
Ascera,hiring_only,1,0,2,2025-12-04
TEECOM,hiring_only,1,0,2,2025-12-04
NetSPI,hiring_only,1,0,2,2025-12-04
Career Mentors,hiring_only,1,0,2,2025-12-04
WaveStrong,hiring_only,1,0,2,2025-12-04
1X Technologies AS,hiring_only,1,0,2,2025-12-04
1Fivetech,hiring_only,1,0,2,2025-12-04
INVAR Technologies,hiring_only,1,0,2,2025-12-04
Happy Returns,hiring_only,1,0,2,2025-12-04
Assured,hiring_only,1,0,2,2025-12-04
WinCo Foods,hiring_only,1,0,2,2025-12-04
MyEyeDr,hiring_only,1,0,2,2025-12-04
CompTech Computer Technologies,hiring_only,1,0,2,2025-12-04
Workato,hiring_only,1,0,2,2025-12-04
Soft,hiring_only,1,0,2,2025-12-04
Ceribell,hiring_only,1,0,2,2025-12-04
Active Cyber,hiring_only,1,0,2,2025-12-04
Anvilogic,hiring_only,1,0,2,2025-12-04
Flex Consulting Group,hiring_only,1,0,2,2025-12-04
AA Cloud,hiring_only,1,0,2,2025-12-04
BlueMatrix,hiring_only,1,0,2,2025-12-04
Smile Digital Health,hiring_only,1,0,2,2025-12-04
Tyto Athene,hiring_only,1,0,2,2025-12-04
Trilagen,hiring_only,1,0,2,2025-12-04
supremesoft,hiring_only,1,0,2,2025-12-04
Contact Government Services,hiring_only,1,0,2,2025-12-04
Xponential Fitness,hiring_only,1,0,2,2025-12-04
DemandTec,hiring_only,1,0,2,2025-12-04
VaaridaTech,hiring_only,1,0,2,2025-12-04
Nerdio,hiring_only,1,0,2,2025-12-04
DoiT,hiring_only,1,0,2,2025-12-04
Owner,hiring_only,1,0,2,2025-12-04
Egnyte,hiring_only,1,0,2,2025-12-04
Flex Employee Services,hiring_only,1,0,2,2025-12-04
BeyondTrust,hiring_only,1,0,2,2025-12-04
Dental Intelligence,hiring_only,1,0,2,2025-12-04
Bulletproof Solutions,hiring_only,1,0,2,2025-12-04
TotalCyber Consulting,hiring_only,1,0,2,2025-12-04
Tec-Tel,hiring_only,1,0,2,2025-12-04
Pax8,hiring_only,1,0,2,2025-12-04
stackArmor,hiring_only,1,0,2,2025-12-04
County of San Mateo,hiring_only,1,0,2,2025-12-04
KnowBe4,hiring_only,1,0,2,2025-12-04
Wix,hiring_only,1,0,2,2025-12-04
Orison Solutions,hiring_only,1,0,2,2025-12-04
PurpleBox,hiring_only,1,0,2,2025-12-04
Core Source Global,hiring_only,1,0,2,2025-12-04
Mind Computing,hiring_only,1,0,2,2025-12-04
Apexon,hiring_only,1,0,2,2025-12-04
BakerHostetler,hiring_only,1,0,2,2025-12-04
Smaya technologies,hiring_only,1,0,2,2025-12-04
InMarket,hiring_only,1,0,2,2025-12-04
Moveworksai,hiring_only,1,0,2,2025-12-04
Palantir Technologies,hiring_only,1,0,2,2025-12-04
IDENTIFY SECURITY,hiring_only,1,0,2,2025-12-04
Physna,hiring_only,1,0,2,2025-12-04
GuidePoint Security,hiring_only,1,0,2,2025-12-04
Meetacross investment,hiring_only,1,0,2,2025-12-04
IXL Learning,hiring_only,1,0,2,2025-12-04
ALPAC,hiring_only,1,0,2,2025-12-04
Ender-IT,hiring_only,1,0,2,2025-12-04
The Phia Group,hiring_only,1,0,2,2025-12-04
Blue River Technology,hiring_only,1,0,2,2025-12-04
Flex Dental,hiring_only,1,0,2,2025-12-04
The Helper Bees,hiring_only,1,0,2,2025-12-04
CallMiner,hiring_only,1,0,2,2025-12-04
Matroid,hiring_only,1,0,2,2025-12-04
Astranis,hiring_only,1,0,2,2025-12-04
Spotline,hiring_only,1,0,2,2025-12-04
ByteDance,hiring_only,1,0,2,2025-12-04
Rivet Industries,hiring_only,1,0,2,2025-12-04
Anza,hiring_only,1,0,2,2025-12-04
Semgrep,hiring_only,1,0,2,2025-12-04
Mercator Intelligence,hiring_only,1,0,2,2025-12-04
Effervescent Consulting,hiring_only,1,0,2,2025-12-04
Saildrone,hiring_only,1,0,2,2025-12-04
RRelocate,hiring_only,1,0,2,2025-12-04
STP,hiring_only,1,0,2,2025-12-04
iBusiness Funding,hiring_only,1,0,2,2025-12-04
Wisdom Tree Technologies,hiring_only,1,0,2,2025-12-04
Integrated Research,hiring_only,1,0,2,2025-12-04
Vantor,hiring_only,1,0,2,2025-12-04
TRICRAFT,hiring_only,1,0,2,2025-12-04
Momentum,hiring_only,1,0,2,2025-12-04
duPont REGISTRY,hiring_only,1,0,2,2025-12-04
RSC2 INC,hiring_only,1,0,2,2025-12-04
Mira Tech,hiring_only,1,0,2,2025-12-04
Outside Analytics,hiring_only,1,0,2,2025-12-04
Synack,hiring_only,1,0,2,2025-12-04
Altenar,hiring_only,1,0,2,2025-12-04
Zone 5 Technologies,hiring_only,1,0,2,2025-12-04
Armis,hiring_only,1,0,2,2025-12-04
Workers Compensation Insurance Rating Bureau,hiring_only,1,0,2,2025-12-04
Wisk Aero,hiring_only,1,0,2,2025-12-04
Shopify,hiring_only,1,0,2,2025-12-04
Control Risks,hiring_only,1,0,2,2025-12-04
ZeroFox,hiring_only,1,0,2,2025-12-04
Group 1001,hiring_only,1,0,2,2025-12-04
Sony Electronics,hiring_only,1,0,2,2025-12-04
Secure Community Network,hiring_only,1,0,2,2025-12-04
Aegis AI,hiring_only,1,0,2,2025-12-04
Sonoma Consulting,hiring_only,1,0,2,2025-12-04
M20 Associates,hiring_only,1,0,2,2025-12-04
BioCatch,hiring_only,1,0,2,2025-12-04
Hoplite Group,hiring_only,1,0,2,2025-12-04
GS Consulting,hiring_only,1,0,2,2025-12-04
Strava,hiring_only,1,0,2,2025-12-04
FlexIT,hiring_only,1,0,2,2025-12-04
Versant Health,hiring_only,1,0,2,2025-12-04
S&P Global,hiring_only,1,0,2,2025-12-04
Govcio,hiring_only,1,0,2,2025-12-04
Quantum World Technologies,hiring_only,1,0,2,2025-12-04
Edgewater Federal Solutions,hiring_only,1,0,2,2025-12-04
AAC,hiring_only,1,0,2,2025-12-04
Robinhood,hiring_only,1,0,2,2025-12-04
Moore,hiring_only,1,0,2,2025-12-04
Delan Associates,hiring_only,1,0,2,2025-12-04
Genoa Employment Solutions,hiring_only,1,0,2,2025-12-04
OSec,hiring_only,1,0,2,2025-12-04
black lantern security,hiring_only,1,0,2,2025-12-04
CyberBullet,hiring_only,1,0,2,2025-12-04
KPMG,hiring_only,1,0,2,2025-12-04
Philadelphia Comapny,hiring_only,1,0,2,2025-12-04
Autoroboto,hiring_only,1,0,2,2025-12-04
ZIRLEN TECHNOLOGIES INCORPORATED,hiring_only,1,0,2,2025-12-04
Quantam Solutions,hiring_only,1,0,2,2025-12-04
TÃœV Rheinland Group,hiring_only,1,0,2,2025-12-04
Schellman,hiring_only,1,0,2,2025-12-04
Zync Group,hiring_only,1,0,2,2025-12-04
NVIDIA,hiring_only,1,0,2,2025-12-04
Pinkerton,hiring_only,1,0,2,2025-12-04
Click Therapeutics,hiring_only,1,0,2,2025-12-04
University of California Santa Cruz,hiring_only,1,0,2,2025-12-04
Interclypse,hiring_only,1,0,2,2025-12-04
Trail of Bits,hiring_only,1,0,2,2025-12-04
Symetra Financial,hiring_only,1,0,2,2025-12-04
Highnote,hiring_only,1,0,2,2025-12-04
BREVIAN,hiring_only,1,0,2,2025-12-04
ZBD,hiring_only,1,0,2,2025-12-04
Neteffects,hiring_only,1,0,2,2025-12-04
OpTech,hiring_only,1,0,2,2025-12-04
Modernizing Medicine,hiring_only,1,0,2,2025-12-04
JFrog,hiring_only,1,0,2,2025-12-04
HireRight,hiring_only,1,0,2,2025-12-04
Amplitude,hiring_only,1,0,2,2025-12-04
Cryptocom,hiring_only,1,0,2,2025-12-04
Inversion6,hiring_only,1,0,2,2025-12-04
HJ Staffing,hiring_only,1,0,2,2025-12-04
Apollo Information Systems,hiring_only,1,0,2,2025-12-04
Elteni,hiring_only,1,0,2,2025-12-04
C2 Labs,hiring_only,1,0,2,2025-12-04
Lunar Energy,hiring_only,1,0,2,2025-12-04
BlueAlly,hiring_only,1,0,2,2025-12-04
Comply,hiring_only,1,0,2,2025-12-04
Spring Health,hiring_only,1,0,2,2025-12-04
Wing,hiring_only,1,0,2,2025-12-04
Amigo,hiring_only,1,0,2,2025-12-04
Language Services Associates,hiring_only,1,0,2,2025-12-04
Middesk,hiring_only,1,0,2,2025-12-04
Zania,hiring_only,1,0,2,2025-12-04
Sia,hiring_only,1,0,2,2025-12-04
American Fidelity Assurance,hiring_only,1,0,2,2025-12-04
SNC,hiring_only,1,0,2,2025-12-04
PayNearMe,hiring_only,1,0,2,2025-12-04
TrendUp Now,hiring_only,1,0,2,2025-12-04
NMI,hiring_only,1,0,2,2025-12-04
Climate First Bank,hiring_only,1,0,2,2025-12-04
Macquarie Group,hiring_only,1,0,2,2025-12-04
System One,hiring_only,1,0,2,2025-12-04
Geronimo Power,hiring_only,1,0,2,2025-12-04
Gerald Group,hiring_only,1,0,2,2025-12-04
NETSEA Technologies,hiring_only,1,0,2,2025-12-04
Prometheus Real Estate Group,hiring_only,1,0,2,2025-12-04
Santa Clara Cnty Hsg Auth,hiring_only,1,0,2,2025-12-04
Emigrant Bank,hiring_only,1,0,2,2025-12-04
Scale AI,hiring_only,1,0,2,2025-12-04
Discord,hiring_only,1,0,2,2025-12-04
GoFundMe,hiring_only,1,0,2,2025-12-04
Vibotek,hiring_only,1,0,2,2025-12-04
GSR Business Services,hiring_only,1,0,2,2025-12-04
Brave,hiring_only,1,0,2,2025-12-04
Tools for Humanity,hiring_only,1,0,2,2025-12-04
Masimo,hiring_only,1,0,2,2025-12-04
Rivian and VW Group Technology,hiring_only,1,0,2,2025-12-04
Coast Community College District,hiring_only,1,0,2,2025-12-04
IDMWORKS,hiring_only,1,0,2,2025-12-04
Careerlaunch,hiring_only,1,0,2,2025-12-04
Rapideagle,hiring_only,1,0,2,2025-12-04
Exelixis,hiring_only,1,0,2,2025-12-04
ATC,hiring_only,1,0,2,2025-12-04
Smithfield Foods,hiring_only,1,0,2,2025-12-04
Openkyber,hiring_only,1,0,2,2025-12-04
Weights & Biases,hiring_only,1,0,2,2025-12-04
RAPT THERAPEUTICS,hiring_only,1,0,2,2025-12-04
Milestone Technologies,hiring_only,1,0,2,2025-12-04
Ensemble Health Partners,hiring_only,1,0,2,2025-12-04
Terrestris Global Solutions,hiring_only,1,0,2,2025-12-04
Enterprise Knowledge,hiring_only,1,0,2,2025-12-04
Patronus AI,hiring_only,1,0,2,2025-12-04
Techwish,hiring_only,1,0,2,2025-12-04
Supernus Pharmaceuticals,hiring_only,1,0,2,2025-12-04
Artisan Partners,hiring_only,1,0,2,2025-12-04
Verkada,hiring_only,1,0,2,2025-12-04
Western New England University,hiring_only,1,0,2,2025-12-04
Filescom,hiring_only,1,0,2,2025-12-04
MedRisk,hiring_only,1,0,2,2025-12-04
UCLA,hiring_only,1,0,2,2025-12-04
BHG Financial,hiring_only,1,0,2,2025-12-04
Handshake AI,hiring_only,1,0,2,2025-12-04
Intel,hiring_only,1,0,2,2025-12-04
Moffitt Cancer Center,hiring_only,1,0,2,2025-12-04
Agency Cyber,hiring_only,1,0,2,2025-12-04
AEVEX,hiring_only,1,0,2,2025-12-04
EagleBank,hiring_only,1,0,2,2025-12-04
Fortinet,hiring_only,1,0,2,2025-12-04
bioStrategies Group,hiring_only,1,0,2,2025-12-04
R3 CONTINUUM,hiring_only,1,0,2,2025-12-04
Lams Technology,hiring_only,1,0,2,2025-12-04
Forrest T Jones & Company,hiring_only,1,0,2,2025-12-04
Global Solution Group,hiring_only,1,0,2,2025-12-04
Trapp Technology,hiring_only,1,0,2,2025-12-04
VA Simplified,hiring_only,1,0,2,2025-12-04
Expel,hiring_only,1,0,2,2025-12-04
Clickhouse,hiring_only,1,0,2,2025-12-04
AppLovin,hiring_only,1,0,2,2025-12-04
The Osen Hunter Group,hiring_only,1,0,2,2025-12-04
Secured Cyber,hiring_only,1,0,2,2025-12-04
Navat Technology,hiring_only,1,0,2,2025-12-04
Hyundai Capital America,hiring_only,1,0,2,2025-12-04
Radware,hiring_only,1,0,2,2025-12-04
Mainstay Enterprises,hiring_only,1,0,2,2025-12-04
KARMAI Consulting,hiring_only,1,0,2,2025-12-04
360 SOC,hiring_only,1,0,2,2025-12-04
Astera Institute,hiring_only,1,0,2,2025-12-04
Motorola Solutions,hiring_only,1,0,2,2025-12-04
FleetWorks,hiring_only,1,0,2,2025-12-04
Serve Robotics,hiring_only,1,0,2,2025-12-04
Tech Army,hiring_only,1,0,2,2025-12-04
i2c inc,hiring_only,1,0,2,2025-12-04
Doppel,hiring_only,1,0,2,2025-12-04
Corelight,hiring_only,1,0,2,2025-12-04
Panoptyc,hiring_only,1,0,2,2025-12-04
Asset Protection and Security,hiring_only,1,0,2,2025-12-04
Rosewood Hotel Group,hiring_only,1,0,2,2025-12-04
Constellis,hiring_only,1,0,2,2025-12-04
HighCom Security Services,hiring_only,1,0,2,2025-12-04
Four Seasons,hiring_only,1,0,2,2025-12-04
Cal State University CSU Monterey Bay,hiring_only,1,0,2,2025-12-04
Northeastern University,hiring_only,1,0,2,2025-12-04
Empower,hiring_only,1,0,2,2025-12-04
North East Medical Services,hiring_only,1,0,2,2025-12-04
G2 Secure Staff,hiring_only,1,0,2,2025-12-04
Acuity,hiring_only,1,0,2,2025-12-04
Central Unified School District,hiring_only,1,0,2,2025-12-04
Peach Finance,hiring_only,1,0,2,2025-12-04
CLEARWATER SECURITY & COMPLIANCE,hiring_only,1,0,2,2025-12-04
Proofpoint,hiring_only,1,0,2,2025-12-04
FHLBank San Francisco,hiring_only,1,0,2,2025-12-04
Boston Consulting Group,hiring_only,1,0,2,2025-12-04
CardWorks Servicing,hiring_only,1,0,2,2025-12-04
Gulf Winds Credit Union,hiring_only,1,0,2,2025-12-04
Accommodations Plus International,hiring_only,1,0,2,2025-12-04
Surescripts,hiring_only,1,0,2,2025-12-04
Capital One,hiring_only,1,0,2,2025-12-04
Per Scholas,hiring_only,1,0,2,2025-12-04
ALO,hiring_only,1,0,2,2025-12-04
Deckers Brands,hiring_only,1,0,2,2025-12-04
Zoox,hiring_only,1,0,2,2025-12-04
Archdiocese of San Francisco,hiring_only,1,0,2,2025-12-04
National Abortion Federation,hiring_only,1,0,2,2025-12-04
Podimetrics,hiring_only,1,0,2,2025-12-04
Skylight,hiring_only,1,0,2,2025-12-04
PagerDuty,hiring_only,1,0,2,2025-12-04
AMC Networks,hiring_only,1,0,2,2025-12-04
Lucky Chances,hiring_only,1,0,2,2025-12-04
MOLEDAO PTE LTD,hiring_only,1,0,2,2025-12-04
Northbay Healthcare,hiring_only,1,0,2,2025-12-04
Rivian,hiring_only,1,0,2,2025-12-04
Purpledrive technologies,hiring_only,1,0,2,2025-12-04
TeamUpdraft,hiring_only,1,0,2,2025-12-04
Cognita Imaging,hiring_only,1,0,2,2025-12-04
Cognition AI,hiring_only,1,0,2,2025-12-04
Cognition,hiring_only,1,0,2,2025-12-04
Moonlake,hiring_only,1,0,2,2025-12-04
Visa,hiring_only,1,0,2,2025-12-04
Federal Bureau of Investigation,hiring_only,1,0,2,2025-12-04
Agap Technologies,hiring_only,1,0,2,2025-12-04
Amogha Group,hiring_only,1,0,2,2025-12-04
Citadel Securities,hiring_only,1,0,2,2025-12-04
Sentra,hiring_only,1,0,2,2025-12-04
ProductNow,hiring_only,1,0,2,2025-12-04
Achira,hiring_only,1,0,2,2025-12-04
Roblox,hiring_only,1,0,2,2025-12-04
Cresta,hiring_only,1,0,2,2025-12-04
Stripe,hiring_only,1,0,2,2025-12-04
Esri,hiring_only,1,0,2,2025-12-04
Databricks,hiring_only,1,0,2,2025-12-04
Anthropic,hiring_only,1,0,2,2025-12-04
Wizinc,hiring_only,1,0,2,2025-12-04
Rubrik,hiring_only,1,0,2,2025-12-04
Guidepointsecurity,hiring_only,1,0,2,2025-12-04
Obsidiansecurity,hiring_only,1,0,2,2025-12-04
Abnormalsecurity,hiring_only,1,0,2,2025-12-04
Offchainlabs,hiring_only,1,0,2,2025-12-04
Palantir,hiring_only,1,0,2,2025-12-04
Nominal,hiring_only,1,0,2,2025-12-04
Includedhealth,hiring_only,1,0,2,2025-12-04
Jobgether,hiring_only,1,0,2,2025-12-04
Whoop,hiring_only,1,0,2,2025-12-04
Elfbeauty,hiring_only,1,0,2,2025-12-04
Galvanick,hiring_only,1,0,2,2025-12-04
Istaridigital.Ai,hiring_only,1,0,2,2025-12-04
Lumindigital,hiring_only,1,0,2,2025-12-04
Spear-Ai,hiring_only,1,0,2,2025-12-04
Tokenmetrics,hiring_only,1,0,2,2025-12-04
Qbio,hiring_only,1,0,2,2025-12-04
Uvcyber,hiring_only,1,0,2,2025-12-04
StackAI,hiring_only,1,0,2,2025-12-04
Casco,hiring_only,1,0,2,2025-12-04
Terra API,hiring_only,1,0,2,2025-12-04
Metriport,hiring_only,1,0,2,2025-12-04
MindFort,hiring_only,1,0,2,2025-12-04
Spline,hiring_only,1,0,2,2025-12-04
Archon,hiring_only,1,0,2,2025-12-04
Vapi,hiring_only,1,0,2,2025-12-04
Cisco Security,talking_only,0,6,1,2025-12-04
Microsoft Security,talking_only,0,5,1,2025-12-04
Check Point,talking_only,0,4,1,2025-12-04
e account,discovered,0,0,0,2025-12-04
e an accountto save,discovered,0,0,0,2025-12-04
ion EngineerYou need tosign inorcreate an accountto,discovered,0,0,0,2025-12-04
orYou need tosign inorcreate an accountto save,discovered,0,0,0,2025-12-04
ional Resilience,discovered,0,0,0,2025-12-04
ion Assurance SpecialistYou need tosign inorcreate,discovered,0,0,0,2025-12-04
ion LeadYou need tosign inorcreate an accountto sav,discovered,0,0,0,2025-12-04
ional Cyber Security CentreYou need tosign inorcrea,discovered,0,0,0,2025-12-04
ion Security OfficerYou need tosign inorcreate an a,discovered,0,0,0,2025-12-04
e accountPOST A JOB--,discovered,0,0,0,2025-12-04
is Cyber SecurityWhy choose a career in cyber secur,discovered,0,0,0,2025-12-04
est News,discovered,0,0,0,2025-12-04
Hiring Companies,discovered,0,0,0,2025-12-04
NorthHill Technology Resources,discovered,0,0,0,2025-12-04
es to apply for maximum exposure.Apply,discovered,0,0,0,2025-12-04
es to apply for maximum exposure.,discovered,0,0,0,2025-12-04
ed Today10,discovered,0,0,0,2025-12-04
Ngpvt Employer Parent Company,discovered,0,0,0,2025-12-04
